{
  "mean": [
    3.8807542575097025,
    28.60828488372093,
    5.435235020487511,
    1.0966847487895384,
    1426.453003875969,
    3.096961194668754,
    35.64314922480603,
    -119.58229045542558
  ],
  "std": [
    1.904236257747077,
    12.602117730095111,
    2.387302579723397,
    0.4332014262644869,
    1137.0219480466546,
    11.578393509846865,
    2.136600595041553,
    2.005592806566646
  ],
  "feature_names": [
    "MedInc",
    "HouseAge",
    "AveRooms",
    "AveBedrms",
    "Population",
    "AveOccup",
    "Latitude",
    "Longitude"
  ]
}